Tue Mar 15 10:09:57 EDT 2022            	org.springframework.samples.petclinic.PetClinicApplication.main([Ljava/lang/String;)V	org.springframework.boot.SpringApplication.run(Ljava/lang/Class;[Ljava/lang/String;)Lorg/springframework/context/ConfigurableApplicationContext;
Tue Mar 15 10:09:59 EDT 2022            	org.springframework.samples.petclinic.PetClinicApplication$$EnhancerBySpringCGLIB$$f1ca012.<clinit>()V	org.springframework.samples.petclinic.PetClinicApplication$$EnhancerBySpringCGLIB$$f1ca012.CGLIB$STATICHOOK2()V
Tue Mar 15 10:09:59 EDT 2022            	org.springframework.samples.petclinic.PetClinicApplication$$EnhancerBySpringCGLIB$$f1ca012.CGLIB$STATICHOOK2()V	org.springframework.samples.petclinic.PetClinicApplication$$EnhancerBySpringCGLIB$$f1ca012.<clinit>()V
Tue Mar 15 10:09:59 EDT 2022            	org.springframework.samples.petclinic.PetClinicApplication$$EnhancerBySpringCGLIB$$f1ca012.<clinit>()V	org.springframework.samples.petclinic.PetClinicApplication$$EnhancerBySpringCGLIB$$f1ca012.CGLIB$STATICHOOK1()V
Tue Mar 15 10:09:59 EDT 2022            	org.springframework.samples.petclinic.PetClinicApplication$$EnhancerBySpringCGLIB$$f1ca012.CGLIB$STATICHOOK1()V	java.lang.Class.forName(Ljava/lang/String;)Ljava/lang/Class;
Tue Mar 15 10:09:59 EDT 2022            	java.lang.Class.forName(Ljava/lang/String;)Ljava/lang/Class;	org.springframework.samples.petclinic.PetClinicApplication$$EnhancerBySpringCGLIB$$f1ca012.CGLIB$STATICHOOK1()V
Tue Mar 15 10:09:59 EDT 2022            	org.springframework.samples.petclinic.PetClinicApplication$$EnhancerBySpringCGLIB$$f1ca012.CGLIB$STATICHOOK1()V	java.lang.Class.forName(Ljava/lang/String;)Ljava/lang/Class;
Tue Mar 15 10:09:59 EDT 2022            	java.lang.Class.forName(Ljava/lang/String;)Ljava/lang/Class;	org.springframework.samples.petclinic.PetClinicApplication$$EnhancerBySpringCGLIB$$f1ca012.CGLIB$STATICHOOK1()V
Tue Mar 15 10:09:59 EDT 2022            	org.springframework.samples.petclinic.PetClinicApplication$$EnhancerBySpringCGLIB$$f1ca012.CGLIB$STATICHOOK1()V	java.lang.Class.getDeclaredMethods()[Ljava/lang/reflect/Method;
Tue Mar 15 10:09:59 EDT 2022            	java.lang.Class.getDeclaredMethods()[Ljava/lang/reflect/Method;	org.springframework.samples.petclinic.PetClinicApplication$$EnhancerBySpringCGLIB$$f1ca012.CGLIB$STATICHOOK1()V
Tue Mar 15 10:09:59 EDT 2022            	org.springframework.samples.petclinic.PetClinicApplication$$EnhancerBySpringCGLIB$$f1ca012.CGLIB$STATICHOOK1()V	org.springframework.cglib.core.ReflectUtils.findMethods([Ljava/lang/String;[Ljava/lang/reflect/Method;)[Ljava/lang/reflect/Method;
Tue Mar 15 10:09:59 EDT 2022            	org.springframework.cglib.core.ReflectUtils.findMethods([Ljava/lang/String;[Ljava/lang/reflect/Method;)[Ljava/lang/reflect/Method;	org.springframework.samples.petclinic.PetClinicApplication$$EnhancerBySpringCGLIB$$f1ca012.CGLIB$STATICHOOK1()V
Tue Mar 15 10:09:59 EDT 2022            	org.springframework.samples.petclinic.PetClinicApplication$$EnhancerBySpringCGLIB$$f1ca012.CGLIB$STATICHOOK1()V	org.springframework.cglib.proxy.MethodProxy.create(Ljava/lang/Class;Ljava/lang/Class;Ljava/lang/String;Ljava/lang/String;Ljava/lang/String;)Lorg/springframework/cglib/proxy/MethodProxy;
Tue Mar 15 10:09:59 EDT 2022            	org.springframework.cglib.proxy.MethodProxy.create(Ljava/lang/Class;Ljava/lang/Class;Ljava/lang/String;Ljava/lang/String;Ljava/lang/String;)Lorg/springframework/cglib/proxy/MethodProxy;	org.springframework.samples.petclinic.PetClinicApplication$$EnhancerBySpringCGLIB$$f1ca012.CGLIB$STATICHOOK1()V
Tue Mar 15 10:09:59 EDT 2022            	org.springframework.samples.petclinic.PetClinicApplication$$EnhancerBySpringCGLIB$$f1ca012.CGLIB$STATICHOOK1()V	org.springframework.samples.petclinic.PetClinicApplication$$EnhancerBySpringCGLIB$$f1ca012.<clinit>()V
Tue Mar 15 10:10:01 EDT 2022            	org.springframework.samples.petclinic.system.CacheConfiguration.lambda$petclinicCacheConfigurationCustomizer$0(Ljavax/cache/CacheManager;)V	org.springframework.samples.petclinic.system.CacheConfiguration.cacheConfiguration()Ljavax/cache/configuration/Configuration;
Tue Mar 15 10:10:01 EDT 2022            	org.springframework.samples.petclinic.system.CacheConfiguration.cacheConfiguration()Ljavax/cache/configuration/Configuration;	javax.cache.configuration.MutableConfiguration.setStatisticsEnabled(Z)Ljavax/cache/configuration/MutableConfiguration;
Tue Mar 15 10:10:01 EDT 2022            	javax.cache.configuration.MutableConfiguration.setStatisticsEnabled(Z)Ljavax/cache/configuration/MutableConfiguration;	org.springframework.samples.petclinic.system.CacheConfiguration.cacheConfiguration()Ljavax/cache/configuration/Configuration;
Tue Mar 15 10:10:01 EDT 2022            	org.springframework.samples.petclinic.system.CacheConfiguration.cacheConfiguration()Ljavax/cache/configuration/Configuration;	org.springframework.samples.petclinic.system.CacheConfiguration.lambda$petclinicCacheConfigurationCustomizer$0(Ljavax/cache/CacheManager;)V
Tue Mar 15 10:10:01 EDT 2022            	org.springframework.samples.petclinic.system.CacheConfiguration.lambda$petclinicCacheConfigurationCustomizer$0(Ljavax/cache/CacheManager;)V	javax.cache.CacheManager.createCache(Ljava/lang/String;Ljavax/cache/configuration/Configuration;)Ljavax/cache/Cache;
Tue Mar 15 10:10:01 EDT 2022            	javax.cache.CacheManager.createCache(Ljava/lang/String;Ljavax/cache/configuration/Configuration;)Ljavax/cache/Cache;	org.springframework.samples.petclinic.system.CacheConfiguration.lambda$petclinicCacheConfigurationCustomizer$0(Ljavax/cache/CacheManager;)V
Tue Mar 15 10:10:02 EDT 2022            	org.springframework.samples.petclinic.owner.Visit.<init>()V 	java.time.LocalDate.now()Ljava/time/LocalDate;              
Tue Mar 15 10:10:02 EDT 2022            	java.time.LocalDate.now()Ljava/time/LocalDate;              	org.springframework.samples.petclinic.owner.Visit.<init>()V 
Tue Mar 15 10:10:02 EDT 2022            	org.springframework.samples.petclinic.PetClinicApplication$$EnhancerBySpringCGLIB$$f1ca012.<init>()V	org.springframework.samples.petclinic.PetClinicApplication$$EnhancerBySpringCGLIB$$f1ca012.CGLIB$BIND_CALLBACKS(Ljava/lang/Object;)V
Tue Mar 15 10:10:02 EDT 2022            	org.springframework.samples.petclinic.PetClinicApplication$$EnhancerBySpringCGLIB$$f1ca012.CGLIB$BIND_CALLBACKS(Ljava/lang/Object;)V	java.lang.ThreadLocal.get()Ljava/lang/Object;               
Tue Mar 15 10:10:02 EDT 2022            	java.lang.ThreadLocal.get()Ljava/lang/Object;               	org.springframework.samples.petclinic.PetClinicApplication$$EnhancerBySpringCGLIB$$f1ca012.CGLIB$BIND_CALLBACKS(Ljava/lang/Object;)V
Tue Mar 15 10:10:02 EDT 2022            	org.springframework.samples.petclinic.PetClinicApplication$$EnhancerBySpringCGLIB$$f1ca012.CGLIB$BIND_CALLBACKS(Ljava/lang/Object;)V	org.springframework.samples.petclinic.PetClinicApplication$$EnhancerBySpringCGLIB$$f1ca012.<init>()V
Tue Mar 15 10:10:02 EDT 2022            	org.springframework.samples.petclinic.PetClinicApplication$$EnhancerBySpringCGLIB$$f1ca012.setBeanFactory(Lorg/springframework/beans/factory/BeanFactory;)V	org.springframework.cglib.proxy.MethodInterceptor.intercept(Ljava/lang/Object;Ljava/lang/reflect/Method;[Ljava/lang/Object;Lorg/springframework/cglib/proxy/MethodProxy;)Ljava/lang/Object;
Tue Mar 15 10:10:02 EDT 2022            	org.springframework.cglib.proxy.MethodInterceptor.intercept(Ljava/lang/Object;Ljava/lang/reflect/Method;[Ljava/lang/Object;Lorg/springframework/cglib/proxy/MethodProxy;)Ljava/lang/Object;	org.springframework.samples.petclinic.PetClinicApplication$$EnhancerBySpringCGLIB$$f1ca012.setBeanFactory(Lorg/springframework/beans/factory/BeanFactory;)V
Tue Mar 15 10:10:02 EDT 2022            	org.springframework.samples.petclinic.PetClinicApplication$$EnhancerBySpringCGLIB$$f1ca012.setBeanFactory(Lorg/springframework/beans/factory/BeanFactory;)V	org.springframework.cglib.proxy.MethodInterceptor.intercept(Ljava/lang/Object;Ljava/lang/reflect/Method;[Ljava/lang/Object;Lorg/springframework/cglib/proxy/MethodProxy;)Ljava/lang/Object;
Tue Mar 15 10:10:02 EDT 2022            	org.springframework.cglib.proxy.MethodInterceptor.intercept(Ljava/lang/Object;Ljava/lang/reflect/Method;[Ljava/lang/Object;Lorg/springframework/cglib/proxy/MethodProxy;)Ljava/lang/Object;	org.springframework.samples.petclinic.PetClinicApplication$$EnhancerBySpringCGLIB$$f1ca012.setBeanFactory(Lorg/springframework/beans/factory/BeanFactory;)V
Tue Mar 15 10:10:03 EDT 2022            	org.springframework.boot.SpringApplication.run(Ljava/lang/Class;[Ljava/lang/String;)Lorg/springframework/context/ConfigurableApplicationContext;	org.springframework.samples.petclinic.PetClinicApplication.main([Ljava/lang/String;)V
Tue Mar 15 10:26:33 EDT 2022            	org.springframework.samples.petclinic.owner.OwnerController.initFindForm(Ljava/util/Map;)Ljava/lang/String;	java.util.Map.put(Ljava/lang/Object;Ljava/lang/Object;)Ljava/lang/Object;
Tue Mar 15 10:26:33 EDT 2022            	java.util.Map.put(Ljava/lang/Object;Ljava/lang/Object;)Ljava/lang/Object;	org.springframework.samples.petclinic.owner.OwnerController.initFindForm(Ljava/util/Map;)Ljava/lang/String;
Tue Mar 15 10:26:33 EDT 2022            	org.springframework.samples.petclinic.owner.OwnerController.setAllowedFields(Lorg/springframework/web/bind/WebDataBinder;)V	org.springframework.web.bind.WebDataBinder.setDisallowedFields([Ljava/lang/String;)V
Tue Mar 15 10:26:33 EDT 2022            	org.springframework.web.bind.WebDataBinder.setDisallowedFields([Ljava/lang/String;)V	org.springframework.samples.petclinic.owner.OwnerController.setAllowedFields(Lorg/springframework/web/bind/WebDataBinder;)V
Tue Mar 15 10:26:34 EDT 2022            	org.springframework.samples.petclinic.owner.OwnerController.setAllowedFields(Lorg/springframework/web/bind/WebDataBinder;)V	org.springframework.web.bind.WebDataBinder.setDisallowedFields([Ljava/lang/String;)V
Tue Mar 15 10:26:34 EDT 2022            	org.springframework.web.bind.WebDataBinder.setDisallowedFields([Ljava/lang/String;)V	org.springframework.samples.petclinic.owner.OwnerController.setAllowedFields(Lorg/springframework/web/bind/WebDataBinder;)V
Tue Mar 15 10:26:34 EDT 2022            	org.springframework.samples.petclinic.owner.OwnerController.setAllowedFields(Lorg/springframework/web/bind/WebDataBinder;)V	org.springframework.web.bind.WebDataBinder.setDisallowedFields([Ljava/lang/String;)V
Tue Mar 15 10:26:34 EDT 2022            	org.springframework.web.bind.WebDataBinder.setDisallowedFields([Ljava/lang/String;)V	org.springframework.samples.petclinic.owner.OwnerController.setAllowedFields(Lorg/springframework/web/bind/WebDataBinder;)V
Tue Mar 15 10:26:34 EDT 2022            	org.springframework.samples.petclinic.owner.OwnerController.processFindForm(ILorg/springframework/samples/petclinic/owner/Owner;Lorg/springframework/validation/BindingResult;Lorg/springframework/ui/Model;)Ljava/lang/String;	org.springframework.samples.petclinic.owner.Owner.getLastName()Ljava/lang/String;
Tue Mar 15 10:26:34 EDT 2022            	org.springframework.samples.petclinic.owner.Owner.getLastName()Ljava/lang/String;	org.springframework.samples.petclinic.owner.OwnerController.processFindForm(ILorg/springframework/samples/petclinic/owner/Owner;Lorg/springframework/validation/BindingResult;Lorg/springframework/ui/Model;)Ljava/lang/String;
Tue Mar 15 10:26:34 EDT 2022            	org.springframework.samples.petclinic.owner.OwnerController.processFindForm(ILorg/springframework/samples/petclinic/owner/Owner;Lorg/springframework/validation/BindingResult;Lorg/springframework/ui/Model;)Ljava/lang/String;	org.springframework.samples.petclinic.owner.Owner.getLastName()Ljava/lang/String;
Tue Mar 15 10:26:34 EDT 2022            	org.springframework.samples.petclinic.owner.Owner.getLastName()Ljava/lang/String;	org.springframework.samples.petclinic.owner.OwnerController.processFindForm(ILorg/springframework/samples/petclinic/owner/Owner;Lorg/springframework/validation/BindingResult;Lorg/springframework/ui/Model;)Ljava/lang/String;
Tue Mar 15 10:26:34 EDT 2022            	org.springframework.samples.petclinic.owner.OwnerController.processFindForm(ILorg/springframework/samples/petclinic/owner/Owner;Lorg/springframework/validation/BindingResult;Lorg/springframework/ui/Model;)Ljava/lang/String;	org.springframework.samples.petclinic.owner.OwnerController.findPaginatedForOwnersLastName(ILjava/lang/String;)Lorg/springframework/data/domain/Page;
Tue Mar 15 10:26:34 EDT 2022            	org.springframework.samples.petclinic.owner.OwnerController.findPaginatedForOwnersLastName(ILjava/lang/String;)Lorg/springframework/data/domain/Page;	org.springframework.data.domain.PageRequest.of(II)Lorg/springframework/data/domain/PageRequest;
Tue Mar 15 10:26:34 EDT 2022            	org.springframework.data.domain.PageRequest.of(II)Lorg/springframework/data/domain/PageRequest;	org.springframework.samples.petclinic.owner.OwnerController.findPaginatedForOwnersLastName(ILjava/lang/String;)Lorg/springframework/data/domain/Page;
Tue Mar 15 10:26:34 EDT 2022            	org.springframework.samples.petclinic.owner.OwnerController.findPaginatedForOwnersLastName(ILjava/lang/String;)Lorg/springframework/data/domain/Page;	org.springframework.samples.petclinic.owner.OwnerRepository.findByLastName(Ljava/lang/String;Lorg/springframework/data/domain/Pageable;)Lorg/springframework/data/domain/Page;
Tue Mar 15 10:26:34 EDT 2022            	org.springframework.samples.petclinic.owner.OwnerRepository.findByLastName(Ljava/lang/String;Lorg/springframework/data/domain/Pageable;)Lorg/springframework/data/domain/Page;	org.springframework.samples.petclinic.owner.OwnerController.findPaginatedForOwnersLastName(ILjava/lang/String;)Lorg/springframework/data/domain/Page;
Tue Mar 15 10:26:34 EDT 2022            	org.springframework.samples.petclinic.owner.OwnerController.findPaginatedForOwnersLastName(ILjava/lang/String;)Lorg/springframework/data/domain/Page;	org.springframework.samples.petclinic.owner.OwnerController.processFindForm(ILorg/springframework/samples/petclinic/owner/Owner;Lorg/springframework/validation/BindingResult;Lorg/springframework/ui/Model;)Ljava/lang/String;
Tue Mar 15 10:26:34 EDT 2022            	org.springframework.samples.petclinic.owner.OwnerController.processFindForm(ILorg/springframework/samples/petclinic/owner/Owner;Lorg/springframework/validation/BindingResult;Lorg/springframework/ui/Model;)Ljava/lang/String;	org.springframework.data.domain.Page.isEmpty()Z             
Tue Mar 15 10:26:34 EDT 2022            	org.springframework.data.domain.Page.isEmpty()Z             	org.springframework.samples.petclinic.owner.OwnerController.processFindForm(ILorg/springframework/samples/petclinic/owner/Owner;Lorg/springframework/validation/BindingResult;Lorg/springframework/ui/Model;)Ljava/lang/String;
Tue Mar 15 10:26:34 EDT 2022            	org.springframework.samples.petclinic.owner.OwnerController.processFindForm(ILorg/springframework/samples/petclinic/owner/Owner;Lorg/springframework/validation/BindingResult;Lorg/springframework/ui/Model;)Ljava/lang/String;	org.springframework.data.domain.Page.getTotalElements()J    
Tue Mar 15 10:26:34 EDT 2022            	org.springframework.data.domain.Page.getTotalElements()J    	org.springframework.samples.petclinic.owner.OwnerController.processFindForm(ILorg/springframework/samples/petclinic/owner/Owner;Lorg/springframework/validation/BindingResult;Lorg/springframework/ui/Model;)Ljava/lang/String;
Tue Mar 15 10:26:34 EDT 2022            	org.springframework.samples.petclinic.owner.OwnerController.processFindForm(ILorg/springframework/samples/petclinic/owner/Owner;Lorg/springframework/validation/BindingResult;Lorg/springframework/ui/Model;)Ljava/lang/String;	org.springframework.samples.petclinic.owner.Owner.getLastName()Ljava/lang/String;
Tue Mar 15 10:26:34 EDT 2022            	org.springframework.samples.petclinic.owner.Owner.getLastName()Ljava/lang/String;	org.springframework.samples.petclinic.owner.OwnerController.processFindForm(ILorg/springframework/samples/petclinic/owner/Owner;Lorg/springframework/validation/BindingResult;Lorg/springframework/ui/Model;)Ljava/lang/String;
Tue Mar 15 10:26:34 EDT 2022            	org.springframework.samples.petclinic.owner.OwnerController.processFindForm(ILorg/springframework/samples/petclinic/owner/Owner;Lorg/springframework/validation/BindingResult;Lorg/springframework/ui/Model;)Ljava/lang/String;	org.springframework.samples.petclinic.owner.OwnerController.addPaginationModel(ILorg/springframework/ui/Model;Ljava/lang/String;Lorg/springframework/data/domain/Page;)Ljava/lang/String;
Tue Mar 15 10:26:34 EDT 2022            	org.springframework.samples.petclinic.owner.OwnerController.addPaginationModel(ILorg/springframework/ui/Model;Ljava/lang/String;Lorg/springframework/data/domain/Page;)Ljava/lang/String;	org.springframework.ui.Model.addAttribute(Ljava/lang/String;Ljava/lang/Object;)Lorg/springframework/ui/Model;
Tue Mar 15 10:26:34 EDT 2022            	org.springframework.ui.Model.addAttribute(Ljava/lang/String;Ljava/lang/Object;)Lorg/springframework/ui/Model;	org.springframework.samples.petclinic.owner.OwnerController.addPaginationModel(ILorg/springframework/ui/Model;Ljava/lang/String;Lorg/springframework/data/domain/Page;)Ljava/lang/String;
Tue Mar 15 10:26:34 EDT 2022            	org.springframework.samples.petclinic.owner.OwnerController.addPaginationModel(ILorg/springframework/ui/Model;Ljava/lang/String;Lorg/springframework/data/domain/Page;)Ljava/lang/String;	org.springframework.data.domain.Page.getContent()Ljava/util/List;
Tue Mar 15 10:26:34 EDT 2022            	org.springframework.data.domain.Page.getContent()Ljava/util/List;	org.springframework.samples.petclinic.owner.OwnerController.addPaginationModel(ILorg/springframework/ui/Model;Ljava/lang/String;Lorg/springframework/data/domain/Page;)Ljava/lang/String;
Tue Mar 15 10:26:34 EDT 2022            	org.springframework.samples.petclinic.owner.OwnerController.addPaginationModel(ILorg/springframework/ui/Model;Ljava/lang/String;Lorg/springframework/data/domain/Page;)Ljava/lang/String;	java.lang.Integer.valueOf(I)Ljava/lang/Integer;             
Tue Mar 15 10:26:34 EDT 2022            	java.lang.Integer.valueOf(I)Ljava/lang/Integer;             	org.springframework.samples.petclinic.owner.OwnerController.addPaginationModel(ILorg/springframework/ui/Model;Ljava/lang/String;Lorg/springframework/data/domain/Page;)Ljava/lang/String;
Tue Mar 15 10:26:34 EDT 2022            	org.springframework.samples.petclinic.owner.OwnerController.addPaginationModel(ILorg/springframework/ui/Model;Ljava/lang/String;Lorg/springframework/data/domain/Page;)Ljava/lang/String;	org.springframework.ui.Model.addAttribute(Ljava/lang/String;Ljava/lang/Object;)Lorg/springframework/ui/Model;
Tue Mar 15 10:26:34 EDT 2022            	org.springframework.ui.Model.addAttribute(Ljava/lang/String;Ljava/lang/Object;)Lorg/springframework/ui/Model;	org.springframework.samples.petclinic.owner.OwnerController.addPaginationModel(ILorg/springframework/ui/Model;Ljava/lang/String;Lorg/springframework/data/domain/Page;)Ljava/lang/String;
Tue Mar 15 10:26:34 EDT 2022            	org.springframework.samples.petclinic.owner.OwnerController.addPaginationModel(ILorg/springframework/ui/Model;Ljava/lang/String;Lorg/springframework/data/domain/Page;)Ljava/lang/String;	org.springframework.data.domain.Page.getTotalPages()I       
Tue Mar 15 10:26:34 EDT 2022            	org.springframework.data.domain.Page.getTotalPages()I       	org.springframework.samples.petclinic.owner.OwnerController.addPaginationModel(ILorg/springframework/ui/Model;Ljava/lang/String;Lorg/springframework/data/domain/Page;)Ljava/lang/String;
Tue Mar 15 10:26:34 EDT 2022            	org.springframework.samples.petclinic.owner.OwnerController.addPaginationModel(ILorg/springframework/ui/Model;Ljava/lang/String;Lorg/springframework/data/domain/Page;)Ljava/lang/String;	java.lang.Integer.valueOf(I)Ljava/lang/Integer;             
Tue Mar 15 10:26:34 EDT 2022            	java.lang.Integer.valueOf(I)Ljava/lang/Integer;             	org.springframework.samples.petclinic.owner.OwnerController.addPaginationModel(ILorg/springframework/ui/Model;Ljava/lang/String;Lorg/springframework/data/domain/Page;)Ljava/lang/String;
Tue Mar 15 10:26:34 EDT 2022            	org.springframework.samples.petclinic.owner.OwnerController.addPaginationModel(ILorg/springframework/ui/Model;Ljava/lang/String;Lorg/springframework/data/domain/Page;)Ljava/lang/String;	org.springframework.ui.Model.addAttribute(Ljava/lang/String;Ljava/lang/Object;)Lorg/springframework/ui/Model;
Tue Mar 15 10:26:34 EDT 2022            	org.springframework.ui.Model.addAttribute(Ljava/lang/String;Ljava/lang/Object;)Lorg/springframework/ui/Model;	org.springframework.samples.petclinic.owner.OwnerController.addPaginationModel(ILorg/springframework/ui/Model;Ljava/lang/String;Lorg/springframework/data/domain/Page;)Ljava/lang/String;
Tue Mar 15 10:26:34 EDT 2022            	org.springframework.samples.petclinic.owner.OwnerController.addPaginationModel(ILorg/springframework/ui/Model;Ljava/lang/String;Lorg/springframework/data/domain/Page;)Ljava/lang/String;	org.springframework.data.domain.Page.getTotalElements()J    
Tue Mar 15 10:26:34 EDT 2022            	org.springframework.data.domain.Page.getTotalElements()J    	org.springframework.samples.petclinic.owner.OwnerController.addPaginationModel(ILorg/springframework/ui/Model;Ljava/lang/String;Lorg/springframework/data/domain/Page;)Ljava/lang/String;
Tue Mar 15 10:26:34 EDT 2022            	org.springframework.samples.petclinic.owner.OwnerController.addPaginationModel(ILorg/springframework/ui/Model;Ljava/lang/String;Lorg/springframework/data/domain/Page;)Ljava/lang/String;	java.lang.Long.valueOf(J)Ljava/lang/Long;                   
Tue Mar 15 10:26:34 EDT 2022            	java.lang.Long.valueOf(J)Ljava/lang/Long;                   	org.springframework.samples.petclinic.owner.OwnerController.addPaginationModel(ILorg/springframework/ui/Model;Ljava/lang/String;Lorg/springframework/data/domain/Page;)Ljava/lang/String;
Tue Mar 15 10:26:34 EDT 2022            	org.springframework.samples.petclinic.owner.OwnerController.addPaginationModel(ILorg/springframework/ui/Model;Ljava/lang/String;Lorg/springframework/data/domain/Page;)Ljava/lang/String;	org.springframework.ui.Model.addAttribute(Ljava/lang/String;Ljava/lang/Object;)Lorg/springframework/ui/Model;
Tue Mar 15 10:26:34 EDT 2022            	org.springframework.ui.Model.addAttribute(Ljava/lang/String;Ljava/lang/Object;)Lorg/springframework/ui/Model;	org.springframework.samples.petclinic.owner.OwnerController.addPaginationModel(ILorg/springframework/ui/Model;Ljava/lang/String;Lorg/springframework/data/domain/Page;)Ljava/lang/String;
Tue Mar 15 10:26:34 EDT 2022            	org.springframework.samples.petclinic.owner.OwnerController.addPaginationModel(ILorg/springframework/ui/Model;Ljava/lang/String;Lorg/springframework/data/domain/Page;)Ljava/lang/String;	org.springframework.ui.Model.addAttribute(Ljava/lang/String;Ljava/lang/Object;)Lorg/springframework/ui/Model;
Tue Mar 15 10:26:34 EDT 2022            	org.springframework.ui.Model.addAttribute(Ljava/lang/String;Ljava/lang/Object;)Lorg/springframework/ui/Model;	org.springframework.samples.petclinic.owner.OwnerController.addPaginationModel(ILorg/springframework/ui/Model;Ljava/lang/String;Lorg/springframework/data/domain/Page;)Ljava/lang/String;
Tue Mar 15 10:26:34 EDT 2022            	org.springframework.samples.petclinic.owner.OwnerController.addPaginationModel(ILorg/springframework/ui/Model;Ljava/lang/String;Lorg/springframework/data/domain/Page;)Ljava/lang/String;	org.springframework.samples.petclinic.owner.OwnerController.processFindForm(ILorg/springframework/samples/petclinic/owner/Owner;Lorg/springframework/validation/BindingResult;Lorg/springframework/ui/Model;)Ljava/lang/String;
Tue Mar 15 10:26:34 EDT 2022            	org.springframework.samples.petclinic.model.NamedEntity.toString()Ljava/lang/String;	org.springframework.samples.petclinic.model.NamedEntity.getName()Ljava/lang/String;
Tue Mar 15 10:26:34 EDT 2022            	org.springframework.samples.petclinic.model.NamedEntity.getName()Ljava/lang/String;	org.springframework.samples.petclinic.model.NamedEntity.toString()Ljava/lang/String;
Tue Mar 15 10:26:34 EDT 2022            	org.springframework.samples.petclinic.model.NamedEntity.toString()Ljava/lang/String;	org.springframework.samples.petclinic.model.NamedEntity.getName()Ljava/lang/String;
Tue Mar 15 10:26:34 EDT 2022            	org.springframework.samples.petclinic.model.NamedEntity.getName()Ljava/lang/String;	org.springframework.samples.petclinic.model.NamedEntity.toString()Ljava/lang/String;
Tue Mar 15 10:26:34 EDT 2022            	org.springframework.samples.petclinic.model.NamedEntity.toString()Ljava/lang/String;	org.springframework.samples.petclinic.model.NamedEntity.getName()Ljava/lang/String;
Tue Mar 15 10:26:34 EDT 2022            	org.springframework.samples.petclinic.model.NamedEntity.getName()Ljava/lang/String;	org.springframework.samples.petclinic.model.NamedEntity.toString()Ljava/lang/String;
Tue Mar 15 10:26:34 EDT 2022            	org.springframework.samples.petclinic.model.NamedEntity.toString()Ljava/lang/String;	org.springframework.samples.petclinic.model.NamedEntity.getName()Ljava/lang/String;
Tue Mar 15 10:26:34 EDT 2022            	org.springframework.samples.petclinic.model.NamedEntity.getName()Ljava/lang/String;	org.springframework.samples.petclinic.model.NamedEntity.toString()Ljava/lang/String;
Tue Mar 15 10:26:34 EDT 2022            	org.springframework.samples.petclinic.model.NamedEntity.toString()Ljava/lang/String;	org.springframework.samples.petclinic.model.NamedEntity.getName()Ljava/lang/String;
Tue Mar 15 10:26:34 EDT 2022            	org.springframework.samples.petclinic.model.NamedEntity.getName()Ljava/lang/String;	org.springframework.samples.petclinic.model.NamedEntity.toString()Ljava/lang/String;
Tue Mar 15 10:26:34 EDT 2022            	org.springframework.samples.petclinic.model.NamedEntity.toString()Ljava/lang/String;	org.springframework.samples.petclinic.model.NamedEntity.getName()Ljava/lang/String;
Tue Mar 15 10:26:34 EDT 2022            	org.springframework.samples.petclinic.model.NamedEntity.getName()Ljava/lang/String;	org.springframework.samples.petclinic.model.NamedEntity.toString()Ljava/lang/String;
Tue Mar 15 10:26:35 EDT 2022            	org.springframework.samples.petclinic.vet.VetController.showVetList(ILorg/springframework/ui/Model;)Ljava/lang/String;	org.springframework.samples.petclinic.vet.VetController.findPaginated(I)Lorg/springframework/data/domain/Page;
Tue Mar 15 10:26:35 EDT 2022            	org.springframework.samples.petclinic.vet.VetController.findPaginated(I)Lorg/springframework/data/domain/Page;	org.springframework.data.domain.PageRequest.of(II)Lorg/springframework/data/domain/PageRequest;
Tue Mar 15 10:26:35 EDT 2022            	org.springframework.data.domain.PageRequest.of(II)Lorg/springframework/data/domain/PageRequest;	org.springframework.samples.petclinic.vet.VetController.findPaginated(I)Lorg/springframework/data/domain/Page;
Tue Mar 15 10:26:35 EDT 2022            	org.springframework.samples.petclinic.vet.VetController.findPaginated(I)Lorg/springframework/data/domain/Page;	org.springframework.samples.petclinic.vet.VetRepository.findAll(Lorg/springframework/data/domain/Pageable;)Lorg/springframework/data/domain/Page;
Tue Mar 15 10:26:35 EDT 2022            	org.springframework.samples.petclinic.vet.VetRepository.findAll(Lorg/springframework/data/domain/Pageable;)Lorg/springframework/data/domain/Page;	org.springframework.samples.petclinic.vet.VetController.findPaginated(I)Lorg/springframework/data/domain/Page;
Tue Mar 15 10:26:35 EDT 2022            	org.springframework.samples.petclinic.vet.VetController.findPaginated(I)Lorg/springframework/data/domain/Page;	org.springframework.samples.petclinic.vet.VetController.showVetList(ILorg/springframework/ui/Model;)Ljava/lang/String;
Tue Mar 15 10:26:35 EDT 2022            	org.springframework.samples.petclinic.vet.VetController.showVetList(ILorg/springframework/ui/Model;)Ljava/lang/String;	org.springframework.samples.petclinic.vet.Vets.getVetList()Ljava/util/List;
Tue Mar 15 10:26:35 EDT 2022            	org.springframework.samples.petclinic.vet.Vets.getVetList()Ljava/util/List;	org.springframework.samples.petclinic.vet.VetController.showVetList(ILorg/springframework/ui/Model;)Ljava/lang/String;
Tue Mar 15 10:26:35 EDT 2022            	org.springframework.samples.petclinic.vet.VetController.showVetList(ILorg/springframework/ui/Model;)Ljava/lang/String;	org.springframework.data.domain.Page.toList()Ljava/util/List;
Tue Mar 15 10:26:35 EDT 2022            	org.springframework.data.domain.Page.toList()Ljava/util/List;	org.springframework.samples.petclinic.vet.VetController.showVetList(ILorg/springframework/ui/Model;)Ljava/lang/String;
Tue Mar 15 10:26:35 EDT 2022            	org.springframework.samples.petclinic.vet.VetController.showVetList(ILorg/springframework/ui/Model;)Ljava/lang/String;	java.util.List.addAll(Ljava/util/Collection;)Z              
Tue Mar 15 10:26:35 EDT 2022            	java.util.List.addAll(Ljava/util/Collection;)Z              	org.springframework.samples.petclinic.vet.VetController.showVetList(ILorg/springframework/ui/Model;)Ljava/lang/String;
Tue Mar 15 10:26:35 EDT 2022            	org.springframework.samples.petclinic.vet.VetController.showVetList(ILorg/springframework/ui/Model;)Ljava/lang/String;	org.springframework.samples.petclinic.vet.VetController.addPaginationModel(ILorg/springframework/data/domain/Page;Lorg/springframework/ui/Model;)Ljava/lang/String;
Tue Mar 15 10:26:35 EDT 2022            	org.springframework.samples.petclinic.vet.VetController.addPaginationModel(ILorg/springframework/data/domain/Page;Lorg/springframework/ui/Model;)Ljava/lang/String;	org.springframework.data.domain.Page.getContent()Ljava/util/List;
Tue Mar 15 10:26:35 EDT 2022            	org.springframework.data.domain.Page.getContent()Ljava/util/List;	org.springframework.samples.petclinic.vet.VetController.addPaginationModel(ILorg/springframework/data/domain/Page;Lorg/springframework/ui/Model;)Ljava/lang/String;
Tue Mar 15 10:26:35 EDT 2022            	org.springframework.samples.petclinic.vet.VetController.addPaginationModel(ILorg/springframework/data/domain/Page;Lorg/springframework/ui/Model;)Ljava/lang/String;	java.lang.Integer.valueOf(I)Ljava/lang/Integer;             
Tue Mar 15 10:26:35 EDT 2022            	java.lang.Integer.valueOf(I)Ljava/lang/Integer;             	org.springframework.samples.petclinic.vet.VetController.addPaginationModel(ILorg/springframework/data/domain/Page;Lorg/springframework/ui/Model;)Ljava/lang/String;
Tue Mar 15 10:26:35 EDT 2022            	org.springframework.samples.petclinic.vet.VetController.addPaginationModel(ILorg/springframework/data/domain/Page;Lorg/springframework/ui/Model;)Ljava/lang/String;	org.springframework.ui.Model.addAttribute(Ljava/lang/String;Ljava/lang/Object;)Lorg/springframework/ui/Model;
Tue Mar 15 10:26:35 EDT 2022            	org.springframework.ui.Model.addAttribute(Ljava/lang/String;Ljava/lang/Object;)Lorg/springframework/ui/Model;	org.springframework.samples.petclinic.vet.VetController.addPaginationModel(ILorg/springframework/data/domain/Page;Lorg/springframework/ui/Model;)Ljava/lang/String;
Tue Mar 15 10:26:35 EDT 2022            	org.springframework.samples.petclinic.vet.VetController.addPaginationModel(ILorg/springframework/data/domain/Page;Lorg/springframework/ui/Model;)Ljava/lang/String;	org.springframework.data.domain.Page.getTotalPages()I       
Tue Mar 15 10:26:35 EDT 2022            	org.springframework.data.domain.Page.getTotalPages()I       	org.springframework.samples.petclinic.vet.VetController.addPaginationModel(ILorg/springframework/data/domain/Page;Lorg/springframework/ui/Model;)Ljava/lang/String;
Tue Mar 15 10:26:35 EDT 2022            	org.springframework.samples.petclinic.vet.VetController.addPaginationModel(ILorg/springframework/data/domain/Page;Lorg/springframework/ui/Model;)Ljava/lang/String;	java.lang.Integer.valueOf(I)Ljava/lang/Integer;             
Tue Mar 15 10:26:35 EDT 2022            	java.lang.Integer.valueOf(I)Ljava/lang/Integer;             	org.springframework.samples.petclinic.vet.VetController.addPaginationModel(ILorg/springframework/data/domain/Page;Lorg/springframework/ui/Model;)Ljava/lang/String;
Tue Mar 15 10:26:35 EDT 2022            	org.springframework.samples.petclinic.vet.VetController.addPaginationModel(ILorg/springframework/data/domain/Page;Lorg/springframework/ui/Model;)Ljava/lang/String;	org.springframework.ui.Model.addAttribute(Ljava/lang/String;Ljava/lang/Object;)Lorg/springframework/ui/Model;
Tue Mar 15 10:26:35 EDT 2022            	org.springframework.ui.Model.addAttribute(Ljava/lang/String;Ljava/lang/Object;)Lorg/springframework/ui/Model;	org.springframework.samples.petclinic.vet.VetController.addPaginationModel(ILorg/springframework/data/domain/Page;Lorg/springframework/ui/Model;)Ljava/lang/String;
Tue Mar 15 10:26:35 EDT 2022            	org.springframework.samples.petclinic.vet.VetController.addPaginationModel(ILorg/springframework/data/domain/Page;Lorg/springframework/ui/Model;)Ljava/lang/String;	org.springframework.data.domain.Page.getTotalElements()J    
Tue Mar 15 10:26:35 EDT 2022            	org.springframework.data.domain.Page.getTotalElements()J    	org.springframework.samples.petclinic.vet.VetController.addPaginationModel(ILorg/springframework/data/domain/Page;Lorg/springframework/ui/Model;)Ljava/lang/String;
Tue Mar 15 10:26:35 EDT 2022            	org.springframework.samples.petclinic.vet.VetController.addPaginationModel(ILorg/springframework/data/domain/Page;Lorg/springframework/ui/Model;)Ljava/lang/String;	java.lang.Long.valueOf(J)Ljava/lang/Long;                   
Tue Mar 15 10:26:35 EDT 2022            	java.lang.Long.valueOf(J)Ljava/lang/Long;                   	org.springframework.samples.petclinic.vet.VetController.addPaginationModel(ILorg/springframework/data/domain/Page;Lorg/springframework/ui/Model;)Ljava/lang/String;
Tue Mar 15 10:26:35 EDT 2022            	org.springframework.samples.petclinic.vet.VetController.addPaginationModel(ILorg/springframework/data/domain/Page;Lorg/springframework/ui/Model;)Ljava/lang/String;	org.springframework.ui.Model.addAttribute(Ljava/lang/String;Ljava/lang/Object;)Lorg/springframework/ui/Model;
Tue Mar 15 10:26:35 EDT 2022            	org.springframework.ui.Model.addAttribute(Ljava/lang/String;Ljava/lang/Object;)Lorg/springframework/ui/Model;	org.springframework.samples.petclinic.vet.VetController.addPaginationModel(ILorg/springframework/data/domain/Page;Lorg/springframework/ui/Model;)Ljava/lang/String;
Tue Mar 15 10:26:35 EDT 2022            	org.springframework.samples.petclinic.vet.VetController.addPaginationModel(ILorg/springframework/data/domain/Page;Lorg/springframework/ui/Model;)Ljava/lang/String;	org.springframework.ui.Model.addAttribute(Ljava/lang/String;Ljava/lang/Object;)Lorg/springframework/ui/Model;
Tue Mar 15 10:26:35 EDT 2022            	org.springframework.ui.Model.addAttribute(Ljava/lang/String;Ljava/lang/Object;)Lorg/springframework/ui/Model;	org.springframework.samples.petclinic.vet.VetController.addPaginationModel(ILorg/springframework/data/domain/Page;Lorg/springframework/ui/Model;)Ljava/lang/String;
Tue Mar 15 10:26:35 EDT 2022            	org.springframework.samples.petclinic.vet.VetController.addPaginationModel(ILorg/springframework/data/domain/Page;Lorg/springframework/ui/Model;)Ljava/lang/String;	org.springframework.samples.petclinic.vet.VetController.showVetList(ILorg/springframework/ui/Model;)Ljava/lang/String;
Tue Mar 15 10:26:35 EDT 2022            	org.springframework.samples.petclinic.vet.Vet.getSpecialties()Ljava/util/List;	org.springframework.samples.petclinic.vet.Vet.getSpecialtiesInternal()Ljava/util/Set;
Tue Mar 15 10:26:35 EDT 2022            	org.springframework.samples.petclinic.vet.Vet.getSpecialtiesInternal()Ljava/util/Set;	org.springframework.samples.petclinic.vet.Vet.getSpecialties()Ljava/util/List;
Tue Mar 15 10:26:35 EDT 2022            	org.springframework.samples.petclinic.vet.Vet.getSpecialties()Ljava/util/List;	org.springframework.beans.support.PropertyComparator.sort(Ljava/util/List;Lorg/springframework/beans/support/SortDefinition;)V
Tue Mar 15 10:26:35 EDT 2022            	org.springframework.beans.support.PropertyComparator.sort(Ljava/util/List;Lorg/springframework/beans/support/SortDefinition;)V	org.springframework.samples.petclinic.vet.Vet.getSpecialties()Ljava/util/List;
Tue Mar 15 10:26:35 EDT 2022            	org.springframework.samples.petclinic.vet.Vet.getSpecialties()Ljava/util/List;	java.util.Collections.unmodifiableList(Ljava/util/List;)Ljava/util/List;
Tue Mar 15 10:26:35 EDT 2022            	java.util.Collections.unmodifiableList(Ljava/util/List;)Ljava/util/List;	org.springframework.samples.petclinic.vet.Vet.getSpecialties()Ljava/util/List;
Tue Mar 15 10:26:35 EDT 2022            	org.springframework.samples.petclinic.vet.Vet.getNrOfSpecialties()I	org.springframework.samples.petclinic.vet.Vet.getSpecialtiesInternal()Ljava/util/Set;
Tue Mar 15 10:26:35 EDT 2022            	org.springframework.samples.petclinic.vet.Vet.getSpecialtiesInternal()Ljava/util/Set;	org.springframework.samples.petclinic.vet.Vet.getNrOfSpecialties()I
Tue Mar 15 10:26:35 EDT 2022            	org.springframework.samples.petclinic.vet.Vet.getNrOfSpecialties()I	java.util.Set.size()I                                       
Tue Mar 15 10:26:35 EDT 2022            	java.util.Set.size()I                                       	org.springframework.samples.petclinic.vet.Vet.getNrOfSpecialties()I
Tue Mar 15 10:26:35 EDT 2022            	org.springframework.samples.petclinic.vet.Vet.getSpecialties()Ljava/util/List;	org.springframework.samples.petclinic.vet.Vet.getSpecialtiesInternal()Ljava/util/Set;
Tue Mar 15 10:26:35 EDT 2022            	org.springframework.samples.petclinic.vet.Vet.getSpecialtiesInternal()Ljava/util/Set;	org.springframework.samples.petclinic.vet.Vet.getSpecialties()Ljava/util/List;
Tue Mar 15 10:26:35 EDT 2022            	org.springframework.samples.petclinic.vet.Vet.getSpecialties()Ljava/util/List;	org.springframework.beans.support.PropertyComparator.sort(Ljava/util/List;Lorg/springframework/beans/support/SortDefinition;)V
Tue Mar 15 10:26:35 EDT 2022            	org.springframework.beans.support.PropertyComparator.sort(Ljava/util/List;Lorg/springframework/beans/support/SortDefinition;)V	org.springframework.samples.petclinic.vet.Vet.getSpecialties()Ljava/util/List;
Tue Mar 15 10:26:35 EDT 2022            	org.springframework.samples.petclinic.vet.Vet.getSpecialties()Ljava/util/List;	java.util.Collections.unmodifiableList(Ljava/util/List;)Ljava/util/List;
Tue Mar 15 10:26:35 EDT 2022            	java.util.Collections.unmodifiableList(Ljava/util/List;)Ljava/util/List;	org.springframework.samples.petclinic.vet.Vet.getSpecialties()Ljava/util/List;
Tue Mar 15 10:26:35 EDT 2022            	org.springframework.samples.petclinic.vet.Vet.getNrOfSpecialties()I	org.springframework.samples.petclinic.vet.Vet.getSpecialtiesInternal()Ljava/util/Set;
Tue Mar 15 10:26:35 EDT 2022            	org.springframework.samples.petclinic.vet.Vet.getSpecialtiesInternal()Ljava/util/Set;	org.springframework.samples.petclinic.vet.Vet.getNrOfSpecialties()I
Tue Mar 15 10:26:35 EDT 2022            	org.springframework.samples.petclinic.vet.Vet.getNrOfSpecialties()I	java.util.Set.size()I                                       
Tue Mar 15 10:26:35 EDT 2022            	java.util.Set.size()I                                       	org.springframework.samples.petclinic.vet.Vet.getNrOfSpecialties()I
Tue Mar 15 10:26:35 EDT 2022            	org.springframework.samples.petclinic.vet.Vet.getSpecialties()Ljava/util/List;	org.springframework.samples.petclinic.vet.Vet.getSpecialtiesInternal()Ljava/util/Set;
Tue Mar 15 10:26:35 EDT 2022            	org.springframework.samples.petclinic.vet.Vet.getSpecialtiesInternal()Ljava/util/Set;	org.springframework.samples.petclinic.vet.Vet.getSpecialties()Ljava/util/List;
Tue Mar 15 10:26:35 EDT 2022            	org.springframework.samples.petclinic.vet.Vet.getSpecialties()Ljava/util/List;	org.springframework.beans.support.PropertyComparator.sort(Ljava/util/List;Lorg/springframework/beans/support/SortDefinition;)V
Tue Mar 15 10:26:35 EDT 2022            	org.springframework.beans.support.PropertyComparator.sort(Ljava/util/List;Lorg/springframework/beans/support/SortDefinition;)V	org.springframework.samples.petclinic.vet.Vet.getSpecialties()Ljava/util/List;
Tue Mar 15 10:26:35 EDT 2022            	org.springframework.samples.petclinic.vet.Vet.getSpecialties()Ljava/util/List;	java.util.Collections.unmodifiableList(Ljava/util/List;)Ljava/util/List;
Tue Mar 15 10:26:35 EDT 2022            	java.util.Collections.unmodifiableList(Ljava/util/List;)Ljava/util/List;	org.springframework.samples.petclinic.vet.Vet.getSpecialties()Ljava/util/List;
Tue Mar 15 10:26:35 EDT 2022            	org.springframework.samples.petclinic.vet.Vet.getNrOfSpecialties()I	org.springframework.samples.petclinic.vet.Vet.getSpecialtiesInternal()Ljava/util/Set;
Tue Mar 15 10:26:35 EDT 2022            	org.springframework.samples.petclinic.vet.Vet.getSpecialtiesInternal()Ljava/util/Set;	org.springframework.samples.petclinic.vet.Vet.getNrOfSpecialties()I
Tue Mar 15 10:26:35 EDT 2022            	org.springframework.samples.petclinic.vet.Vet.getNrOfSpecialties()I	java.util.Set.size()I                                       
Tue Mar 15 10:26:35 EDT 2022            	java.util.Set.size()I                                       	org.springframework.samples.petclinic.vet.Vet.getNrOfSpecialties()I
Tue Mar 15 10:26:35 EDT 2022            	org.springframework.samples.petclinic.vet.Vet.getSpecialties()Ljava/util/List;	org.springframework.samples.petclinic.vet.Vet.getSpecialtiesInternal()Ljava/util/Set;
Tue Mar 15 10:26:35 EDT 2022            	org.springframework.samples.petclinic.vet.Vet.getSpecialtiesInternal()Ljava/util/Set;	org.springframework.samples.petclinic.vet.Vet.getSpecialties()Ljava/util/List;
Tue Mar 15 10:26:35 EDT 2022            	org.springframework.samples.petclinic.vet.Vet.getSpecialties()Ljava/util/List;	org.springframework.beans.support.PropertyComparator.sort(Ljava/util/List;Lorg/springframework/beans/support/SortDefinition;)V
Tue Mar 15 10:26:35 EDT 2022            	org.springframework.beans.support.PropertyComparator.sort(Ljava/util/List;Lorg/springframework/beans/support/SortDefinition;)V	org.springframework.samples.petclinic.vet.Vet.getSpecialties()Ljava/util/List;
Tue Mar 15 10:26:35 EDT 2022            	org.springframework.samples.petclinic.vet.Vet.getSpecialties()Ljava/util/List;	java.util.Collections.unmodifiableList(Ljava/util/List;)Ljava/util/List;
Tue Mar 15 10:26:35 EDT 2022            	java.util.Collections.unmodifiableList(Ljava/util/List;)Ljava/util/List;	org.springframework.samples.petclinic.vet.Vet.getSpecialties()Ljava/util/List;
Tue Mar 15 10:26:35 EDT 2022            	org.springframework.samples.petclinic.vet.Vet.getNrOfSpecialties()I	org.springframework.samples.petclinic.vet.Vet.getSpecialtiesInternal()Ljava/util/Set;
Tue Mar 15 10:26:35 EDT 2022            	org.springframework.samples.petclinic.vet.Vet.getSpecialtiesInternal()Ljava/util/Set;	org.springframework.samples.petclinic.vet.Vet.getNrOfSpecialties()I
Tue Mar 15 10:26:35 EDT 2022            	org.springframework.samples.petclinic.vet.Vet.getNrOfSpecialties()I	java.util.Set.size()I                                       
Tue Mar 15 10:26:35 EDT 2022            	java.util.Set.size()I                                       	org.springframework.samples.petclinic.vet.Vet.getNrOfSpecialties()I
Tue Mar 15 10:26:35 EDT 2022            	org.springframework.samples.petclinic.vet.Vet.getSpecialties()Ljava/util/List;	org.springframework.samples.petclinic.vet.Vet.getSpecialtiesInternal()Ljava/util/Set;
Tue Mar 15 10:26:35 EDT 2022            	org.springframework.samples.petclinic.vet.Vet.getSpecialtiesInternal()Ljava/util/Set;	org.springframework.samples.petclinic.vet.Vet.getSpecialties()Ljava/util/List;
Tue Mar 15 10:26:35 EDT 2022            	org.springframework.samples.petclinic.vet.Vet.getSpecialties()Ljava/util/List;	org.springframework.beans.support.PropertyComparator.sort(Ljava/util/List;Lorg/springframework/beans/support/SortDefinition;)V
Tue Mar 15 10:26:35 EDT 2022            	org.springframework.beans.support.PropertyComparator.sort(Ljava/util/List;Lorg/springframework/beans/support/SortDefinition;)V	org.springframework.samples.petclinic.vet.Vet.getSpecialties()Ljava/util/List;
Tue Mar 15 10:26:35 EDT 2022            	org.springframework.samples.petclinic.vet.Vet.getSpecialties()Ljava/util/List;	java.util.Collections.unmodifiableList(Ljava/util/List;)Ljava/util/List;
Tue Mar 15 10:26:35 EDT 2022            	java.util.Collections.unmodifiableList(Ljava/util/List;)Ljava/util/List;	org.springframework.samples.petclinic.vet.Vet.getSpecialties()Ljava/util/List;
Tue Mar 15 10:26:35 EDT 2022            	org.springframework.samples.petclinic.vet.Vet.getNrOfSpecialties()I	org.springframework.samples.petclinic.vet.Vet.getSpecialtiesInternal()Ljava/util/Set;
Tue Mar 15 10:26:35 EDT 2022            	org.springframework.samples.petclinic.vet.Vet.getSpecialtiesInternal()Ljava/util/Set;	org.springframework.samples.petclinic.vet.Vet.getNrOfSpecialties()I
Tue Mar 15 10:26:35 EDT 2022            	org.springframework.samples.petclinic.vet.Vet.getNrOfSpecialties()I	java.util.Set.size()I                                       
Tue Mar 15 10:26:35 EDT 2022            	java.util.Set.size()I                                       	org.springframework.samples.petclinic.vet.Vet.getNrOfSpecialties()I
Tue Mar 15 10:26:37 EDT 2022            	org.springframework.samples.petclinic.owner.OwnerController.initFindForm(Ljava/util/Map;)Ljava/lang/String;	java.util.Map.put(Ljava/lang/Object;Ljava/lang/Object;)Ljava/lang/Object;
Tue Mar 15 10:26:37 EDT 2022            	java.util.Map.put(Ljava/lang/Object;Ljava/lang/Object;)Ljava/lang/Object;	org.springframework.samples.petclinic.owner.OwnerController.initFindForm(Ljava/util/Map;)Ljava/lang/String;
Tue Mar 15 10:26:37 EDT 2022            	org.springframework.samples.petclinic.owner.OwnerController.setAllowedFields(Lorg/springframework/web/bind/WebDataBinder;)V	org.springframework.web.bind.WebDataBinder.setDisallowedFields([Ljava/lang/String;)V
Tue Mar 15 10:26:37 EDT 2022            	org.springframework.web.bind.WebDataBinder.setDisallowedFields([Ljava/lang/String;)V	org.springframework.samples.petclinic.owner.OwnerController.setAllowedFields(Lorg/springframework/web/bind/WebDataBinder;)V
Tue Mar 15 10:26:49 EDT 2022            	org.springframework.samples.petclinic.owner.OwnerController.initCreationForm(Ljava/util/Map;)Ljava/lang/String;	java.util.Map.put(Ljava/lang/Object;Ljava/lang/Object;)Ljava/lang/Object;
Tue Mar 15 10:26:49 EDT 2022            	java.util.Map.put(Ljava/lang/Object;Ljava/lang/Object;)Ljava/lang/Object;	org.springframework.samples.petclinic.owner.OwnerController.initCreationForm(Ljava/util/Map;)Ljava/lang/String;
Tue Mar 15 10:26:49 EDT 2022            	org.springframework.samples.petclinic.owner.OwnerController.setAllowedFields(Lorg/springframework/web/bind/WebDataBinder;)V	org.springframework.web.bind.WebDataBinder.setDisallowedFields([Ljava/lang/String;)V
Tue Mar 15 10:26:49 EDT 2022            	org.springframework.web.bind.WebDataBinder.setDisallowedFields([Ljava/lang/String;)V	org.springframework.samples.petclinic.owner.OwnerController.setAllowedFields(Lorg/springframework/web/bind/WebDataBinder;)V
